"","Test Values: Victim Total","Test Predictions: Victim Total"
"9",37,32.6903530963146
"10",23,28.0122773448773
"13",23,30.311208008658
"14",69,32.9848030384648
"17",18,51.2018933000007
"18",37,33.8383445336145
"31",21,40.1763322358928
"34",1,33.3787782044984
"38",23,29.8690468117252
"39",37,38.6517111111111
"42",23,36.0797112280519
"43",15,34.9131861176552
"49",10,37.8602460504903
"52",64,23.2660129688473
"70",70,29.8131929880693
"72",13,34.90236674562
"74",28,39.4661829753837
"76",23,31.2049182971117
"79",37,35.1116696969697
"85",23,29.1589799796177
"93",37,30.9575161204029
"95",69,45.9817722222222
"103",37,34.7632593033732
"117",23,28.095751873263
"118",23,37.6485332527318
"119",23,30.3701833372649
"123",73,34.1774259424786
"128",23,40.2969142857143
"132",6,47.5758426205374
"133",37,40.4636337662338
"136",37,29.6084236849152
"143",23,35.0768952641734
"144",37,30.8692116644452
"149",13,40.3802903679654
"152",15,44.2180020308123
"157",64,27.6644774424232
"161",56,30.7133448805171
"165",23,33.0413793475877
"166",56,45.7214345360195
"168",37,36.4609813096629
"170",56,38.0196846046395
"177",71,35.7612293650794
"178",69,45.2337996336997
"179",37,32.3200269428284
"180",19,45.722708994894
"188",74,38.3584354051452
"189",23,36.3966470418471
"190",23,30.385868188375
"193",8,34.0562211455211
"196",47,44.0299229437229
"197",23,24.0619612820972
"198",23,30.154708093634
"201",37,42.0514222373497
"209",23,27.7559236815472
"210",37,33.6614740512809
"211",56,29.8579426378788
"215",37,36.4189725829726
"218",37,44.7496669323713
"221",23,38.4450464174714
"222",23,40.7513333333333
"223",23,27.6628736649316
"228",37,37.5563142857143
"237",6,17.9503277777778
"241",74,38.8489647143741
"242",23,39.9352205211455
"245",23,34.1024282773148
"249",23,29.0744181447095
"255",23,40.7160453907204
"261",37,40.179407302077
"265",47,32.2591987567988
"268",57,38.6050924242424
"270",47,40.3531239570371
"275",64,40.3424607142857
"276",51,46.0857247752248
"281",47,42.1454333333333
"282",56,38.0981563636364
"284",37,39.4661829753837
"292",23,42.1190627926896
"295",74,34.8849678322486
"305",23,37.8410126984127
"306",23,32.4739437337811
"310",23,37.6281381030381
"313",38,34.7821591459028
"314",23,38.0378972298741
"315",37,29.4118623621648
"323",23,28.6108755565735
"324",56,33.0986215728716
"328",37,33.6519138472879
"329",69,37.4446179417027
"330",23,33.0305636946065
"331",23,31.4990579966817
"332",23,27.867658426442
"334",23,32.726794877214
"336",37,36.3857985247187
"337",47,42.8587640187813
"339",64,36.9204070785071
"342",23,34.9199396825397
"346",47,42.9504753357753
"347",47,30.4238194217968
"349",23,40.9874357142857
"351",56,43.81942502184
"354",47,40.8902565434566
"357",69,34.8164666666666
"359",56,43.319557295461
"361",37,33.0207378554452
"362",37,44.0558711700065
"363",69,32.0392327637962
"366",37,42.2939666666667
"374",2,41.6159196969697
"375",6,39.9791990620491
"380",23,30.3701833372649
"381",37,37.4325614787315
"384",37,27.60506227668
"387",23,33.5698451396974
"389",30,30.8898
"391",22,31.623657035506
"392",74,47.4545997557654
"397",47,32.591607081099
"398",37,60.6570593884959
"401",37,51.4692629426129
"402",73,38.8922368742369
"403",23,45.8265893939394
"409",37,33.0224612129099
"410",37,33.2626676048206
"416",37,33.1238974515857
"419",23,25.6041930712521
"420",56,41.1495071428571
"421",23,31.3203729606994
"424",37,31.6773876186904
"434",23,35.8357853056781
"442",56,40.9902456140351
"445",23,43.6740811090035
"448",69,32.6459063492064
"450",23,38.8038419232181
"455",17,36.6046627271421
"456",56,35.1521573175844
"458",37,35.2106605616606
"464",23,31.3459881855167
"466",23,37.5614860187987
"468",56,50.18366946726
"472",23,29.94301
"475",23,30.1236427905428
"481",23,35.4145699304399
"482",64,39.4199527900495
"485",47,37.3348407478143
"488",23,31.0036815333789
"489",37,29.3619401421688
"491",13,33.5458404761905
"499",23,31.5484402153402
"500",23,45.5502579365079
"501",47,47.6841653679654
"502",37,40.3947421994672
"516",37,33.2531907838893
"519",47,39.9282235778841
"523",37,46.5234252857082
"527",47,43.6697213564214
"529",56,44.0826
"531",37,56.9920933806531
"533",2,48.0880047619048
"535",23,42.6474015151515
"538",47,48.073480952381
"541",23,32.6851298634291
"544",23,28.6339764382681
"559",47,39.9423104912638
"563",37,44.9351862278245
"565",23,35.263436008436
"566",37,27.8850390373068
"571",73,48.3275333333333
"572",23,32.664941496755
"578",64,32.9325506493507
"580",37,34.4634044565797
"585",72,41.0256299422799
"590",74,34.1907614131345
"592",47,36.2250084088259
"596",56,35.3507029405006
"597",37,35.0410569186841
"598",37,34.4627237512611
"599",23,40.4643764816161
"605",24,41.3063131591156
"607",17,46.5489038890848
"618",37,45.8328023368702
"619",23,40.2119191919192
"621",23,30.5444261409815
"622",8,36.3814062278778
"624",47,41.593419047619
"632",74,30.8544786839354
"634",23,31.8021575295583
"639",37,34.8839244225073
"640",69,41.1842333333333
"642",23,29.8814553177215
"644",37,36.4609813096629
"645",2,36.2944669764446
"651",23,35.4902160647416
"656",37,39.173826984127
"657",37,41.3379738095238
"662",37,34.5745179492602
"669",8,37.1184805194805
"671",64,41.5667204481793
"673",37,40.8411412698413
"674",23,33.5441317460318
"675",6,53.4247277361619
"681",73,45.2502666666667
"682",37,34.0444542140175
"684",23,34.632413282174
"685",37,28.3552358055015
"686",56,36.6759220700352
"692",47,42.1190627926896
"694",23,33.6408455443129
"695",37,40.6546472699225
"697",23,37.3525001633987
"699",64,40.3308226930301
"705",37,38.4968128612129
"709",23,31.6443836126318
"711",64,39.4885212665989
"712",73,43.6261873015873
"713",37,33.0046285714286
"715",37,42.9176
"725",37,30.2609446865415
"726",56,42.2607888888889
"734",34,45.7298333333333
"735",31,36.7736737373738
"739",23,37.2091537746167
"750",47,37.2056543846276
"753",23,45.747614235014
"754",23,34.5969847564566
"755",37,33.3443004687983
"758",37,38.2699859307359
"764",23,26.1562339471432
"768",64,45.8081523088023
"770",47,41.0713253968254
"771",37,32.3498438853544
"772",47,40.778035315206
"773",69,51.1878121212121
"776",37,36.6424795141578
"780",23,31.3748255590156
"789",23,36.751569523547
"791",47,36.7246988624902
"793",48,45.2112809523809
"794",64,52.2210515873016
"796",23,32.4434781723911
"797",23,37.0476522424846
"798",64,36.0335867449372
"800",56,47.8986248049478
"803",56,49.7516057189543
"804",23,26.6794372305236
"805",37,41.6731756895066
"810",47,32.3508904234654
"824",56,36.5712256395136
"829",23,32.3286839619788
"830",23,27.2977873667182
"833",40,34.3175186180486
"837",37,36.1277814747092
"840",23,39.6947987212838
"841",23,26.7321430410068
"843",56,41.5306404761904
"847",47,30.4329108567764
"851",23,43.4433654900655
"852",23,33.4548326865315
"855",37,28.3662016850985
"860",10,38.9063409090909
"864",64,39.1870982088121
"865",25,46.6286666666667
"866",1,34.5745179492602
"870",37,44.4917333333333
"875",23,30.9540913853638
"877",47,38.8874412698413
"879",23,34.0542996828335
"886",37,49.5130072150072
"887",47,37.1485675070028
"888",38,34.0283117438118
"890",37,38.4204900793651
"892",23,30.5568826479633
"895",37,43.3197047619048
"897",23,27.8607363444413
"898",64,48.0437105616606
"903",13,42.7228626228673
"904",23,46.317627111138
"906",37,33.4279365626775
"909",23,43.8177901564202
"910",23,50.4189749410204
"912",56,31.5485570643205
"917",23,41.6970627407878
"921",56,31.3330770167555
"929",37,42.2395650260555
"930",23,33.9505210495851
"932",47,42.5173391857741
"938",69,34.5941333333333
"939",23,27.7762941426899
"948",37,40.8718466339216
"949",23,29.2298698533309
"958",64,49.4192292451013
"960",37,35.7233498918146
"962",56,34.1944792646543
"965",23,33.9983006099336
"969",23,27.4291496522667
"970",69,47.4858555555556
"971",37,36.1001636363636
"980",23,26.5669060342392
"982",56,45.8574517412412
"985",47,44.939
"988",64,47.2621666666667
"989",69,42.2521666666667
"991",23,35.4688669134958
"992",23,34.5162944280955
"994",56,30.1179813345447
"1000",37,29.8690468117252
"1003",37,43.8136500546839
"1007",56,47.5502285714286
"1010",23,36.3344662619177
"1017",23,49.6669730048677
"1019",73,39.5170380841381
"1020",23,32.7456707875458
"1021",37,47.1409
"1024",15,34.3270827604198
"1028",69,49.0665767973856
"1031",64,35.859362725047
"1035",23,31.9645250601457
"1038",37,39.698038255223
"1039",6,38.3391920634921
"1051",37,47.74325
"1056",37,39.1211333333333
"1059",37,38.8111550598954
"1067",1,30.8372235634843
"1069",56,47.4469458838342
"1070",23,29.2840827381039
"1072",23,30.4247628231934
"1075",23,35.6853549087659
"1083",23,32.6965793650793
"1089",2,37.6355714285714
"1091",23,40.8144238095238
"1094",47,45.8228381773112
"1095",2,40.4837974691975
"1100",37,27.159345427153
"1114",23,30.8692116644452
"1115",47,36.0170052027161
"1121",64,29.2080748295186
"1122",56,36.2958285462903
"1123",37,39.1986669240312
"1126",69,39.4689676411308
"1127",37,33.8640512765013
"1133",23,34.2062615090806
"1137",23,32.5945038235185
"1139",56,43.2854047619048
"1140",23,28.095751873263
"1147",73,44.671032234527
"1148",73,40.8048777777778
"1149",26,41.0483808913309
"1152",23,30.5433564935065
"1155",23,40.4344234332993
"1156",47,42.9451
"1163",23,37.135465980686
"1165",37,43.0164103153383
"1168",37,36.2068040419484
"1170",69,35.9872666666667
"1172",47,34.3942771068237
"1173",69,42.6759975801975
"1176",23,46.2623619648678
"1177",1,23.2660129688473
"1180",69,38.9385379178275
"1183",23,26.9858534171384
"1209",23,36.8001
"1210",37,47.3816652768284
"1215",47,34.7875238095238
"1219",37,34.1073
"1222",69,34.0273880790502
"1224",24,39.0036666666667
"1226",23,28.915306984127
"1231",37,44.7524233392625
"1236",8,34.3277517171801
"1240",23,28.5882328936936
"1241",56,40.6439651368257
"1243",23,43.37538305544
"1251",37,48.9652735653236
"1252",56,35.3575796670762
"1255",37,37.2292519480519
"1256",23,28.5162060606061
"1258",47,30.386573015873
"1261",23,29.8909692943235
"1270",37,40.9262284190927
"1271",10,35.0438506493507
"1280",47,40.8863761904762
"1281",47,36.5196367604618
"1290",47,41.0216530369219
"1291",49,32.2744326851234
"1293",37,46.8599150793651
"1304",75,55.7372027226875
"1310",64,32.8847641469641
"1311",23,37.8243966810967
"1314",23,36.8469388967242
"1319",64,45.7248333333333
"1321",23,29.697888170253
"1328",50,39.000079963003
"1331",56,41.9315535799168
"1332",69,43.7284597291597
"1338",47,34.7266566877567
"1339",37,34.9396889706661
"1343",23,34.6152932262943
"1347",23,35.3801865463389
"1352",74,42.2783495259642
"1354",37,35.4584162786674
"1356",23,36.7946166666667
"1362",23,40.9460782144756
"1364",47,31.2988631021932
"1365",69,59.6280336103666
"1368",47,29.6037785103785
"1373",19,35.3614404761905
"1374",23,36.8345561178285
"1380",37,35.6734460171838
"1382",37,35.5680600732601
"1384",47,48.1461873015873
"1385",47,41.9781120879121
"1397",23,35.3631636191638
"1400",21,53.5154808377896
"1404",56,42.3695606317384
"1409",37,44.7438592483884
"1411",2,31.7609466637937
"1421",38,42.8550930572228
"1423",34,39.2460428571429
"1433",56,44.6690445054945
"1434",23,42.7564531279178
"1439",64,32.760328623101
"1446",47,31.4317281595994
"1447",23,35.2222344673679
"1448",56,46.7826945054945
"1450",23,42.8820761904762
"1454",1,23.2660129688473
"1456",23,31.0157343808238
"1465",23,36.3393131313131
"1466",47,40.6290377784866
"1468",23,40.6177033673842
"1471",56,48.5597809238883
"1474",23,38.4422156214156
"1475",23,40.6021217619876
"1480",1,23.2660129688473
"1481",23,45.1114151015651
"1483",37,44.555
"1488",17,38.5298677156177
"1489",64,48.2670135238984
"1490",37,39.3862584152108
"1496",23,44.0622009213009
"1499",56,29.4755508746628
"1500",23,28.2820921491125
"1504",23,31.3429237097968
"1506",64,42.7589720284001
"1507",47,36.7549915784452
"1508",37,29.4033832628844
"1511",37,38.1449037372764
"1512",37,37.3249491086876
"1514",23,42.4935790615817
"1515",23,35.9985190852517
"1520",23,33.2456630526961
"1524",6,39.7486857142857
"1525",37,31.3459881855167
"1526",73,39.6735997469478
"1530",23,36.5013439393939
"1536",37,23.2056819561282
"1542",10,42.7246031746032
"1549",37,33.5671333333333
"1552",56,44.3105043809636
"1565",6,47.076471992452
"1570",8,51.2263406025216
"1574",56,49.1359952380952
"1577",23,32.6509848484848
"1582",47,36.8162408024724
"1587",37,39.6539620999439
"1591",47,28.2997616415117
"1595",47,41.1294135601326
"1597",64,50.3496207903208
"1601",23,28.7153601406915
"1604",23,37.9858784878864
"1605",74,43.4055684491979
"1606",47,38.72
"1608",56,44.6358125596626
"1612",37,31.1224201292097
"1625",23,37.148219047619
"1632",23,30.8692116644452
"1642",37,34.7151083975622
"1643",23,32.2765627160851
"1647",56,45.7083308802309
"1650",47,49.1470558182384
"1652",23,38.0847656893107
"1653",47,45.8574517412412
"1658",37,32.2744326851234
"1660",56,33.2793873205002
"1662",47,49.4389434721409
"1663",23,52.7420682539682
"1671",23,44.9762036907537
"1677",23,29.8235007251406
"1679",37,33.3174526120079
"1680",23,31.0164899048011
"1684",37,40.1359333333333
"1685",1,23.2660129688473
"1687",23,27.7556630758131
"1696",23,45.8833972440571
"1699",64,36.95255
"1700",23,26.7831579365079
"1701",56,27.910664228624
"1703",23,36.9222642833296
"1705",37,33.8704048247025
"1708",23,36.0797112280519
"1714",64,39.4964592903828
"1715",3,35.1718218442669
"1717",56,42.0682761904762
"1721",37,40.8170394321365
"1722",23,39.1564838612135
"1725",5,31.5209709758399
"1728",37,44.3557912698412
"1731",56,48.4154626984127
"1736",8,34.050731024531
"1737",2,7.02231847041847
"1738",47,37.8299978070296
"1741",47,26.9961523809524
"1742",37,26.6537881948381
"1754",23,50.6259003904592
"1756",15,23.1177512987013
"1757",2,12.0808325674326
"1763",47,53.7792817963732
"1767",32,41.2929416412144
"1771",56,34.6701288555889
"1773",23,32.2598038206357
"1777",47,44.9343254113089
"1779",56,44.6138603609225
"1781",64,35.1521573175844
"1788",37,35.9425666666667
"1789",37,26.2385188907861
"1790",37,41.3056199134199
"1791",37,31.1921175293175
"1792",47,25.8197247713702
"1793",37,28.9038575995324
"1796",47,35.3129635756057
"1799",23,30.5476803945728
"1803",23,41.5211878638603
"1809",23,44.1341051859819
"1810",2,36.9056070782975
"1811",47,43.8775479207067
"1814",47,39.2378292983873
"1817",37,26.5863334613527
"1820",37,46.2255352203352
"1822",69,47.1005238095238
"1825",23,33.6787367581471
"1832",47,49.1470558182384
"1834",47,49.1470558182384
"1837",23,36.9310555672026
"1843",23,28.2820921491125
"1847",23,39.9726336415307
"1853",23,31.0608291911626
"1855",23,30.8692116644452
"1857",23,41.985544949495
"1859",23,43.135226984127
"1863",23,40.1380569727447
"1866",37,37.912867305863
"1868",69,38.4590813513284
"1869",23,32.456632269131
"1870",74,42.4034138227879
"1873",23,33.0892078013547
"1877",56,31.4646463203463
"1878",37,31.637176742865
"1879",56,52.1309447458634
"1887",23,40.8656444159985
"1892",23,41.031280952381
"1895",23,36.670965984543
"1897",1,23.2660129688473
"1902",37,34.7822868409368
"1903",23,34.2801485859551
"1905",56,45.1508508287784
"1906",64,45.1543206349206
"1907",23,36.1286102124999
"1908",64,42.4920699385791
"1909",47,38.9074933389013
"1910",23,37.7472659479409
"1914",56,34.9707154761905
"1920",74,31.5042369226852
"1923",6,34.7724970049558
"1925",47,50.1645716035999
"1930",23,27.4498074888293
"1932",47,39.1453519906156
"1933",69,42.3886222222222
"1937",64,30.1476530168069
"1938",23,28.5018417246204
"1939",23,28.799373222237
"1942",69,29.5462138741611
"1943",69,44.3265045751634
"1945",47,40.3651629390218
"1946",47,34.5094047583136
"1954",23,32.3263567251462
"1957",37,37.7089427017427
"1958",23,33.9767857431857
"1961",23,38.3327333333333
"1966",47,37.3348407478143
"1967",73,45.4348534938639
"1975",37,26.9170887283926
"1976",56,57.0830269738517
"1982",56,34.3473764608974
"1984",23,30.8219720050647
"1986",64,34.3469802475302
"1992",64,44.3698387882208
"1993",19,43.1966561904762
"1998",17,28.3662016850985
"2002",74,37.6999659340659
"2007",23,51.4099977842336
"2008",1,23.2660129688473
"2009",23,30.587192368993
"2012",74,49.9751666666667
"2018",23,42.3489910907136
"2019",37,21.1246858363973
"2020",69,39.1453519906156
"2021",37,37.0123398225957
"2026",24,34.8330937601786
"2040",23,32.6353794871795
"2042",23,34.8195311136722
"2045",23,42.5429780461936
"2046",47,36.5164912837163
"2047",37,39.8546587884338
"2049",47,42.4446341503268
"2052",37,37.8183840479782
"2055",23,28.4153390381268
"2058",23,32.8470159274059
"2061",23,44.28785
"2076",64,46.8986371572872
"2077",37,26.2233181082509
"2080",23,32.7466160869444
"2081",23,40.7926
"2082",23,34.4199729665406
"2083",23,33.2517023576097
"2099",23,32.2286597176369
"2104",64,31.9981714285714
"2107",37,48.3190976190476
"2111",69,54.4301142857143
"2113",56,31.9645250601457
"2114",37,40.4865666666667
"2116",37,35.5202852814026
"2117",37,37.434429004329
"2121",47,39.12455
"2123",56,39.1453519906156
"2125",37,38.5996983030197
"2127",2,57.7277891455178
"2131",56,41.2159937539073
"2132",6,42.0514222373497
"2136",23,48.3211951989187
"2139",6,34.9091032537753
"2143",23,31.5914126641742
"2146",23,39.7458856782107
"2149",23,37.0668105006105
"2155",56,33.2804311408301
"2164",37,39.9838476914183
"2169",23,25.8197247713702
"2177",62,41.7495571428571
"2180",23,30.7266252525252
"2184",69,41.1143365007542
"2191",19,43.4037865079365
"2199",23,34.0621296891997
"2202",2,28.9436700025465
"2203",74,28.425501110819
"2207",69,38.5996983030197
"2209",34,35.5873876254842
"2210",37,27.9757327039391
"2212",37,42.4277904761905
"2216",47,31.4901611336364
"2226",13,33.5458404761905
"2232",37,27.0821473888444
"2239",73,48.0645413987335
"2242",17,39.5738817460317
"2256",47,29.1447533758407
"2259",37,40.5785217354227
"2261",37,42.2834054957447
"2273",23,31.0195762149752
"2277",23,31.8271169094994
"2279",69,44.8986841269841
"2283",47,40.0508377005347
"2288",37,34.1052292649473
"2292",47,44.4480736196552
"2293",37,37.9646018485138
"2295",37,27.9545072091856
"2297",23,35.2255989793103
"2306",69,45.8252458891109
"2307",23,26.1562339471432
"2313",47,37.6987928587302
"2315",74,41.3616633557287
"2316",10,37.191874151246
"2319",64,44.1453333333333
"2324",23,47.7010831572568
"2327",23,42.439221060782
"2330",64,33.7412614782365
"2333",23,34.4634044565797
"2346",47,40.4901796159669
"2347",23,30.5781651736856
"2348",37,40.432
"2349",47,34.2326740740741
"2351",56,37.7394333333333
"2354",23,34.200218055648
"2355",47,41.0088952758112
"2356",56,45.0308436507937
"2361",37,36.3104932289932
"2363",19,35.725216838978
"2373",23,40.7413158730159
"2376",56,48.0127937986867
"2380",17,25.0816002775976
"2382",37,44.4125888888889
"2384",23,27.418420995671
"2389",23,41.5001885534693
"2390",23,31.4573446792973
"2391",23,31.3094479710147
"2397",56,40.5495805555556
"2399",47,32.2144042250807
"2401",23,58.2122489183204
"2403",23,30.5532981829298
"2405",37,43.1745729326229
"2406",6,42.7939515306331
"2407",23,39.6539620999439
"2410",23,33.530765852568
"2414",56,50.3886361590343
"2419",23,34.8085873015873
"2423",64,39.8880420249599
"2426",73,44.4997243145743
"2427",64,33.6424520786231
"2428",64,32.1578404789648
"2430",23,34.2416441876751
"2433",47,38.8869296854866
"2434",37,33.0278899509059
"2435",2,42.9459903030303
"2441",23,33.9664613056933
"2443",74,49.3879095742561
"2446",8,35.3040958874459
"2449",23,37.0435105615967
"2456",37,43.9596869801445
"2457",69,34.9902735611238
"2459",43,44.6103746031746
"2467",37,40.5655609455904
"2470",37,41.6970627407878
"2471",37,34.5969847564566
"2479",23,31.5374394115001
"2480",56,41.2933280324251
"2482",47,43.2543480722981
"2483",47,33.5358861669462
"2484",23,35.9751924369748
"2485",23,32.186991424941
"2486",23,31.0108508802446
"2487",37,48.5597809238883
"2489",23,30.4247628231934
"2490",37,36.6759220700352
"2491",47,41.5883
"2492",23,26.831616026533
"2493",64,45.3379333333333
"2495",73,38.0513302424957
"2496",73,33.9905046279343
"2498",36,50.1645716035999
"2499",23,33.0762047927958
"2501",37,35.9357435064935
"2504",44,42.3436644017246
"2511",56,36.6424795141578
"2512",23,41.3549206904207
"2513",23,28.6358609928393
"2518",69,31.6649426992033
"2522",64,37.123490015622
"2523",69,29.0142695612712
"2532",23,30.4247628231934
"2534",23,33.0485906928653
"2540",47,40.2815604524131
"2542",37,28.4153390381268
"2543",47,41.3047586467137
"2544",23,29.1821838112197
"2548",47,34.9008719925629
"2549",8,41.7268325692677
"2553",47,38.0519834323874
"2555",23,31.9645250601457
"2560",23,37.9894463676674
"2563",37,30.570061514682
"2565",23,31.0195762149752
"2567",37,39.6803923076923
"2569",1,23.2660129688473
"2571",56,34.4585392744434
"2575",47,33.2270655624908
"2581",23,30.8588228280906
"2582",23,38.7766516128095
"2585",10,50.2616042679543
"2587",23,35.9995939527793
"2590",23,32.0434554912143
"2593",23,35.7073361719983
"2600",47,42.482861140839
"2602",10,34.4634044565797
"2606",74,39.6740135028493
"2610",37,46.8731519672399
"2611",56,38.7647784992064
"2612",23,30.9860628801024
"2613",37,38.9467006799326
"2617",69,27.7559236815472
"2619",23,36.9974016407968
"2620",56,43.6334071764751
"2625",1,34.2837570947759
"2627",56,36.8149066191119
"2628",47,46.3456544059999
"2629",1,23.2660129688473
"2630",13,21.8779566133592
"2631",47,45.9665364310526
"2632",64,39.3313412698413
"2638",10,30.4367271794283
"2639",64,38.5835769230769
"2642",23,34.4634044565797
"2644",37,44.8879514613513
"2647",10,33.8772902377858
"2648",23,35.3698649603664
"2652",6,33.4645603866585
"2655",23,38.5486582151437
"2657",64,37.0609373517097
"2660",22,42.6828353966749
"2662",56,39.1453519906156
"2663",47,37.5605333607101
"2664",8,38.5798348946833
"2666",37,43.9941190476191
"2668",23,36.5721698412698
"2671",37,34.5745179492602
"2673",37,37.9721452380953
"2679",23,37.3816802948264
"2691",23,32.1158734712169
"2693",47,49.8876519377767
"2694",47,44.8879514613513
"2697",24,23.2660129688473
"2703",47,37.2082051587302
"2707",47,31.7568652035808
"2709",73,36.9357739766082
"2712",37,42.7234368991432
"2713",23,34.4424238442194
"2716",64,41.8992731851482
"2717",37,20.4714440902137
"2726",56,38.0196846046395
"2731",23,26.2385188907861
"2741",37,46.2202
"2743",47,43.6179916139416
"2751",23,33.8527617973623
"2757",1,23.2660129688473
"2763",47,38.0741606375508
"2767",56,43.1101666666667
"2772",22,41.0970482032734
"2774",1,23.2660129688473
"2775",23,44.3788810701376
"2778",2,16.0919918322637
"2782",37,35.5578106060606
"2783",37,39.3656439393939
"2785",74,32.6068859888478
"2787",23,32.3381494074553
"2793",23,25.7097090701112
"2794",37,28.7216995670996
"2795",69,48.5851753811772
"2799",23,37.514338011988
"2801",1,36.9424885854458
"2802",23,33.5054857142857
"2806",64,44.66509153741
"2823",23,34.4138020923521
"2826",47,34.196520347947
"2827",37,37.3734313131313
"2837",23,40.2566
"2846",37,37.8028023809524
"2847",37,34.196520347947
"2852",56,41.7170428571429
"2853",69,38.4565619047619
"2854",47,50.6858043207804
"2857",74,36.9035538461538
"2863",73,34.7943854473042
"2864",37,46.2788047619048
"2865",13,35.4557626984127
"2866",37,33.2450514366241
"2874",69,41.622109976693
"2881",38,31.0873711577125
"2884",22,45.7023979494571
"2886",56,41.0243506791046
"2888",23,34.6136095238095
"2897",56,46.8620548075113
"2901",23,33.1595525121798
"2902",56,39.2578988922189
"2906",47,31.732726867176
"2907",56,30.6192827618967
"2910",23,39.1630570645121
"2911",23,44.6391956709957
"2915",47,37.6826365582131
"2922",2,40.9846642496392
"2925",47,40.5245391258403
"2934",23,37.1137363954881
"2935",2,45.3715
"2936",28,28.8028775783041
"2937",47,37.2820021694195
"2938",1,31.2562278609343
"2939",23,37.9240090845156
"2944",8,44.1417153174782
"2960",47,36.9952333333333
"2961",23,39.8880420249599
"2964",23,30.7400088697595
"2970",37,38.5187996258928
"2972",23,31.9645250601457
"2976",37,46.1295993339994
"2978",64,44.3067547619048
"2980",6,43.8692435871249
"2982",74,37.1285540187882
"2984",56,38.0948
"2985",56,30.2825012949039
"2986",13,42.1177120009429
"2990",23,31.7057944589612
"2992",37,28.686910162659
"2993",69,44.0212456582633
"2996",56,40.1881247834075
"3003",8,34.778712950938
"3004",47,39.2642907739123
"3010",23,31.4142109219427
"3012",17,47.7254285714286
"3022",47,29.78042709756
"3026",37,31.944884318059
"3027",13,37.5805333333333
"3032",47,37.767969047619
"3038",15,17.1762600448571
"3039",56,40.4965805378529
"3041",74,45.9045476190476
"3042",74,53.6605188443725
"3044",47,35.9336323944426
"3046",23,38.7521329304029
"3050",73,43.4886682539683
"3051",56,28.4571281214759
"3053",42,27.2294280904281
"3055",17,47.7367333333333
"3056",73,45.2194390609391
"3061",37,36.7460261904762
"3062",64,38.1120208069708
"3063",47,42.5017333333334
"3064",23,32.0979836940837
"3065",23,34.4206950832249
"3069",64,47.3878681282769
"3075",47,31.6899896430367
"3077",55,36.0373
"3078",47,31.5836733643704
"3079",23,37.8988404761905
"3081",23,36.1281258297258
"3084",23,40.816183982684
"3086",64,39.2215307069524
"3087",73,34.933034982401
"3088",23,39.071325229553
"3090",23,32.2428825861561
"3091",47,38.8606666666667
"3093",37,28.5593612701171
"3095",64,54.4697676577808
"3097",47,40.0947445066973
"3098",47,36.9644333333333
"3099",47,38.9489428571428
"3102",47,40.1633478963847
"3105",37,35.5929199911851
"3113",73,38.4701666666666
"3122",64,34.7343624555183
"3124",23,28.7981935061069
"3125",37,47.5230045454545
"3126",23,26.4042281018006
"3127",17,39.9743291391615
"3137",37,41.5001885534693
"3140",2,45.4251528249528
"3149",23,30.8073732376099
"3150",23,34.2066416818814
"3152",69,40.5205356192999
"3153",23,31.0855113680437
"3158",23,41.2612838827839
"3160",47,47.3878681282769
"3161",37,29.660171006771
"3164",37,30.8045104336416
"3168",69,35.9906326606708
"3170",37,32.4055332549536
"3171",23,42.8391038536627
"3182",47,40.3092399507493
"3188",23,33.3816766147881
"3191",64,36.6464185434131
"3192",47,44.7214337624364
"3202",45,31.238101978046
"3203",37,27.6289487305093
"3205",6,34.4749242923743
"3208",37,38.308096969697
"3209",23,34.0944952380952
"3210",37,38.0007014781515
"3212",47,35.5442797924298
"3219",47,37.1688429108723
"3220",37,40.5098962184874
"3221",47,30.3990127261613
"3223",56,48.1912333333333
"3224",37,30.4873802114792
"3225",37,33.3787782044984
"3226",56,48.7441061987032
"3229",23,45.8023593149541
"3234",69,36.4303056261513
"3235",2,37.622562273725
"3240",47,32.6278666876057
"3248",47,28.5402020701521
"3249",37,39.3015363625822
"3250",37,32.3403689542484
"3253",37,41.8592818181818
"3259",6,45.7340513373201
"3261",56,39.2253721066515
"3268",37,42.1190627926896
"3271",37,32.2221962664872
"3275",56,29.7311876174849
"3278",64,49.0101960616809
"3281",47,41.831222027972
"3283",64,35.7850602277813
"3284",1,23.2660129688473
"3286",1,23.2660129688473
"3291",37,38.6537644126872
"3294",64,23.2660129688473
"3295",47,35.5374073632083
"3296",74,48.8898191530692
"3303",2,12.0808325674326
"3310",24,36.1286241400327
"3311",56,39.2178818860878
"3313",23,40.2706682854007
"3314",23,37.2995616767793
"3316",47,38.9398216450216
"3317",10,43.2459880952381
"3319",73,26.4236035409035
"3321",6,18.6728651946446
"3322",23,32.9866700923324
"3323",37,29.4084614330114
"3324",23,29.9558839835509
"3325",37,38.1978671953391
"3328",8,51.3258724469975
"3334",56,45.0616166666667
"3341",47,28.857067515627
"3343",56,47.6077349376114
"3350",64,31.7114333333333
"3351",23,41.2934402300286
"3352",37,44.4533945583656
"3356",37,35.5844492507493
"3357",6,39.9415692307692
"3360",35,50.8958674603175
"3365",10,17.5162659650807
"3366",37,33.9471797807624
"3371",37,33.5140215007215
"3378",37,36.1620122710623
"3381",73,48.5851753811772
"3385",69,36.750385514812
"3386",23,42.5868767676768
"3395",23,28.828025758703
"3396",56,45.5716760728735
"3397",23,34.4217356251592
"3398",37,47.2791204160133
"3400",47,40.6782177592531
"3402",47,37.0225677573863
"3411",23,37.1303537415746
"3416",23,38.2162998168498
"3417",37,42.7617552191817
"3421",73,41.9778315299736
"3424",37,42.428545402839
"3425",37,30.7170638104414
"3432",37,35.9935140784712
"3434",6,46.0415460816961
"3437",23,38.1230834760585
"3438",23,44.8818928267619
"3443",8,32.6676718764895
"3446",2,27.6587011880196
"3447",23,41.5909794760795
"3451",37,26.7603778265424
"3452",23,28.4508815179841
"3454",47,38.2805993717848
"3459",37,26.6288241153408
"3460",64,42.2645272957349
"3468",37,42.4609265096015
"3471",23,36.6754534370846
"3474",22,36.3376238095238
"3476",37,39.4630687950938
"3480",37,41.3003345744677
"3482",37,30.8190491824024
"3483",73,55.6515166666667
"3487",2,61.3586877759356
"3489",23,31.0454342894515
"3492",23,32.6278666876057
"3495",47,36.0448548340548
"3496",29,33.6000666666667
"3497",23,46.9539619047619
"3498",37,34.2941664198375
"3499",56,36.8013834055158
"3502",73,40.8522757601733
"3504",23,38.2330476190476
"3510",37,31.2229392177171
"3520",37,35.6055232591482
"3524",64,42.6409240569372
"3526",23,25.2063686546787
"3531",37,27.9757327039391
"3533",47,45.6318168924764
"3534",47,39.2631199217449
"3536",37,37.081305516208
"3538",47,34.6674430465643
"3539",15,31.7640409647662
"3550",29,29.1470206784035
"3556",26,34.2254523809524
"3561",64,43.0382164835165
"3567",37,30.6936923243423
"3568",23,40.665050454902
"3585",37,47.5445690870567
"3590",37,34.3565711942901
"3591",37,41.815437742323
"3592",23,30.6719537940536
"3598",23,34.5557585137085
"3604",56,44.924745382196
"3607",37,37.788775974026
"3612",26,34.196520347947
"3617",47,36.396443162727
"3621",47,30.4919966089466
"3623",73,42.721895600295
"3624",23,28.8085549128295
"3628",23,45.8597111111111
"3630",23,37.0158520365857
"3633",56,51.4368184459031
"3646",23,22.9430883364433
"3647",37,24.1802787768664
"3662",37,30.8794145360049
"3664",23,48.5597809238883
"3669",37,42.0514222373497
"3672",69,51.1653161990954
"3673",69,51.1653161990954
"3684",2,40.9846642496392
"3685",2,41.7106569975184
"3690",56,36.0444556130144
"3692",47,39.7005666944294
"3694",23,38.6570483253973
"3696",47,41.9118416666667
"3697",37,33.7370736927771
"3699",37,37.2995616767793
"3700",23,30.0804252982193
"3705",73,45.7340513373201
"3706",23,36.4210576662801
"3709",56,33.9242865922433
"3710",47,43.2157171106671
"3726",23,27.3703249269074
"3728",23,26.4675117604618
"3729",23,27.7479136083484
"3730",23,29.2397867488067
"3731",23,32.85756169134
"3732",17,38.6441904761905
"3733",39,43.4335359307359
"3734",47,37.1652961740322
"3736",23,49.943968973219
"3737",64,40.669651166576
"3743",64,37.9420606819242
"3746",8,46.565193939394
"3748",73,41.757019047619
"3751",37,35.8649731601732
"3758",37,33.7798619047619
"3763",23,36.101438220317
"3766",23,34.0428835204895
"3772",23,38.3060425892192
"3774",56,46.6065858127837
"3784",17,30.7086285714286
"3785",64,51.0793525974026
"3790",37,46.045077011877
"3792",8,33.8311740926067
"3795",23,39.5637598771598
"3797",37,26.7791026167065
"3799",69,34.2778946610402
"3801",69,42.3669698717949
"3803",47,59.6280336103666
"3805",23,30.007437987402
"3807",47,21.3115595440622
"3814",23,33.566196475945
"3815",23,31.0367053971776
"3816",23,33.7794619047619
"3817",56,37.9658484432234
"3822",23,34.828902179883
"3828",15,37.1299685195154
"3838",6,41.4541423520923
"3842",47,30.4626592596292
"3843",1,31.1908772256729
"3863",56,28.1370645988044
"3865",23,27.3158162903436
"3871",37,33.8824898122563
"3873",23,36.0797112280519
"3876",23,47.588191486234
"3877",47,38.9256433344433
"3878",74,29.8214201465202
"3884",23,33.3731994227994
"3887",47,35.9113304233462
"3889",23,27.8164354219854
"3890",23,31.0383610782603
"3892",56,28.75632375564
"3897",19,37.0896556324721
"3905",37,39.4346222222222
"3906",37,29.0584735375735
"3910",37,42.7656880952381
"3914",23,38.8105777777778
"3915",23,30.8190491824024
"3925",37,49.7645876191442
"3931",37,40.6307672161172
"3932",56,36.2834666666667
"3935",37,28.4153390381268
"3937",37,41.6703631657885
"3940",47,40.6177033673842
"3941",37,28.6108755565735
"3943",37,32.8699392024642
"3953",23,38.8546323308271
"3955",23,34.1265008899737
"3956",23,36.435876503158
"3957",23,34.3190355932165
"3958",23,41.4176333333333
"3960",23,28.6373063492063
"3963",37,31.2564233114041
"3968",47,32.1738358840365
"3975",23,22.9430883364433
"3979",23,34.842930663787
"3985",23,41.325438164931
"3987",37,40.7264714285714
"3988",37,29.1589799796177
"3998",23,38.5710537254412
"4000",23,33.8193454778949
"4002",37,28.7532822344322
"4004",23,40.5544736529585
"4006",23,30.8692116644452
"4020",37,37.3615937932749
"4021",73,42.6079801587302
"4022",37,46.5234252857082
"4023",1,23.2660129688473
"4026",23,29.8725395400664
"4029",23,41.6970627407878
"4040",69,40.4950214152145
"4041",47,48.8299839096126
"4058",37,41.0873030557678
"4059",37,41.0296947130647
"4062",23,38.9400902357305
"4070",69,56.801852020202
"4073",23,31.7474690053373
"4074",37,47.7011461149962
"4078",3,24.3579134920635
"4082",64,29.1589799796177
"4092",23,31.3203729606994
"4093",37,50.0812150793651
"4096",23,44.857387726893
"4098",21,30.125938704842
"4105",2,47.1950125758711
"4109",37,40.317317058595
"4110",64,34.6073293592741
"4113",23,30.3151474831402
